name,email,bio,age
Alice Johnson,alice.j@example.com,"Marketing manager with 8 years of experience in brand strategy.",34
Bob Smith,bob.smith@sample.org,"Software engineer specializing in backend systems and distributed databases.",29
Carla Gomez,carla.gomez@domain.com,"UX designer passionate about accessible and inclusive digital products.",27
David Lee,davidl@company.net,"Data analyst with a focus on financial forecasting and reporting.",40
Ella Zhang,ella.z@webmail.com,"Freelance writer covering tech, science, and digital culture.",31
Frank Murphy,fmurphy@nowhere.org,"Operations lead in logistics, ensuring timely delivery across Europe.",45
Grace Kim,grace.kim@startup.ai,"Product manager driving innovation in mobile healthcare apps.",38
Hassan Ali,h.ali@inbox.me,"AI researcher interested in natural language processing and ethics.",33
Ivy Chen,ivychen@abc.co,"Customer success lead in SaaS, focused on retention and onboarding.",30
James Miller,jmiller@xyz.edu,"High school teacher turned edtech curriculum developer.",36
